AREA_NAME,HOOD_ID,ASSAULT_2019,ASSAULT_2020,ASSAULT_2021,ASSAULT_2022,ASSAULT_2023,AUTOTHEFT_2019,AUTOTHEFT_2020,AUTOTHEFT_2021,AUTOTHEFT_2022,AUTOTHEFT_2023,BIKETHEFT_2019,BIKETHEFT_2020,BIKETHEFT_2021,BIKETHEFT_2022,BIKETHEFT_2023,BREAKENTER_2019,BREAKENTER_2020,BREAKENTER_2021,BREAKENTER_2022,BREAKENTER_2023,HOMICIDE_2019,HOMICIDE_2020,HOMICIDE_2021,HOMICIDE_2022,HOMICIDE_2023,ROBBERY_2019,ROBBERY_2020,ROBBERY_2021,ROBBERY_2022,ROBBERY_2023,SHOOTING_2019,SHOOTING_2020,SHOOTING_2021,SHOOTING_2022,SHOOTING_2023,THEFTFROMMV_2019,THEFTFROMMV_2020,THEFTFROMMV_2021,THEFTFROMMV_2022,THEFTFROMMV_2023,THEFTOVER_2019,THEFTOVER_2020,THEFTOVER_2021,THEFTOVER_2022,THEFTOVER_2023,Total Crime,Population-2023,Crime%
Yonge-Bay Corridor,170,660,383,323,443,543,38,14,17,29,46,219,173,169,230,228,119,149,112,123,108,2,0,1,1,1,63,55,51,55,62,4,2,0,1,2,171,135,64,107,76,63,35,26,51,51,5205,14731,35.33%
Downtown Yonge East,168,620,508,599,543,656,43,25,45,43,45,172,102,165,177,205,181,144,161,110,118,0,1,0,0,2,115,86,96,76,90,5,4,7,3,5,254,192,118,81,113,20,24,26,19,25,6024,18023,33.42%
Moss Park,73,642,756,637,548,627,43,41,50,59,43,108,107,95,90,99,232,202,154,128,145,3,2,1,3,7,140,136,88,66,56,2,4,3,10,3,220,167,127,91,108,25,15,16,16,25,6140,22207,27.65%
Kensington-Chinatown,78,381,394,380,381,482,43,57,25,36,50,119,99,107,89,137,278,174,97,104,145,0,1,2,1,1,47,43,25,42,46,4,6,9,5,5,350,191,91,96,104,36,26,21,21,29,4780,21229,22.52%
West Humber-Clairville,1,257,250,243,269,322,486,407,496,775,829,7,5,12,6,10,135,111,98,135,212,2,2,1,1,2,72,76,53,69,77,14,5,5,5,9,355,374,378,464,315,65,56,55,61,80,7661,36388,21.05%
University,79,129,74,92,110,127,12,6,6,16,7,75,69,61,116,53,91,59,32,39,55,1,0,0,0,0,16,9,12,14,14,0,0,1,0,0,59,58,23,38,39,7,6,5,12,11,1554,7564,20.54%
Yorkdale-Glen Park,31,206,157,162,180,207,62,88,95,193,199,20,33,29,18,13,87,75,63,59,154,1,1,1,1,0,42,40,17,32,74,17,15,9,7,0,86,128,112,130,118,30,18,21,40,44,3084,17258,17.87%
York University Heights,27,378,347,331,333,409,147,187,173,230,263,18,39,18,34,16,111,105,114,127,218,0,1,6,3,0,82,47,40,51,106,6,12,14,13,6,159,262,200,215,178,31,42,32,59,40,5203,29897,17.40%
Humber Summit,21,113,92,101,127,165,134,110,134,174,131,7,1,2,2,4,59,25,41,55,90,3,0,1,0,2,28,26,14,30,25,9,5,4,7,6,68,92,86,84,88,22,21,29,23,42,2282,13425,17.00%
Oakdale-Beverley Heights,154,295,235,293,310,447,93,103,115,107,161,8,11,9,14,12,80,44,63,50,89,1,0,0,2,1,41,50,29,39,30,3,5,9,7,6,119,158,113,106,73,7,14,18,19,23,3412,21503,15.87%
Wellington Place,164,425,320,375,474,429,33,40,48,73,71,144,117,106,115,80,156,180,149,128,141,1,1,1,2,1,51,24,26,63,46,8,2,6,8,6,110,145,106,79,92,29,25,21,22,32,4511,28870,15.63%
Church-Wellesley,167,350,306,399,385,334,17,8,33,16,37,120,109,98,86,102,128,98,87,73,76,1,0,0,1,1,48,57,41,43,55,1,1,2,2,1,92,64,54,53,78,21,19,21,20,26,3564,22938,15.54%
Cabbagetown-South St.James Town,71,146,140,125,136,131,23,15,5,19,19,61,48,38,38,31,110,70,68,67,53,0,1,1,0,0,18,19,15,23,14,2,0,0,0,0,74,55,51,52,50,3,3,7,9,6,1746,11968,14.59%
Mimico-Queensway,160,230,205,268,343,519,41,34,32,63,69,23,9,18,25,5,46,34,25,47,34,0,1,0,0,1,7,3,8,16,8,1,1,2,1,2,73,47,35,64,54,14,8,7,11,25,2459,18313,13.43%
Playter Estates-Danforth,67,74,71,53,95,106,9,6,6,17,32,11,32,26,27,11,35,50,41,31,25,0,0,0,0,0,10,7,12,14,18,2,1,1,1,2,66,30,33,41,26,6,7,1,4,0,1040,7764,13.40%
Etobicoke City Centre,159,137,142,156,205,308,118,102,118,187,294,16,17,23,14,17,74,56,76,86,70,1,0,1,1,3,22,19,11,43,40,2,3,3,2,4,118,148,127,188,188,27,23,32,45,60,3327,25495,13.05%
St Lawrence-East Bayfront-The Islands,166,282,278,365,403,445,19,13,31,39,43,146,129,132,124,106,104,98,150,128,97,0,0,0,2,0,32,45,43,34,42,0,4,2,5,3,123,160,77,101,111,28,18,23,23,31,4039,31003,13.03%
Danforth,66,83,60,83,115,132,8,7,22,22,25,28,39,65,31,13,40,40,51,57,23,0,1,0,0,0,20,16,12,22,21,1,1,0,2,2,58,59,50,40,28,4,2,5,3,5,1296,10173,12.74%
Annex,95,283,259,304,365,396,27,39,39,66,81,143,164,118,77,81,212,204,157,139,138,1,0,0,0,0,33,40,47,43,67,2,0,1,2,0,173,133,80,112,107,41,31,34,37,63,4339,34502,12.58%
West Hill,136,439,336,328,382,443,46,55,74,60,81,12,11,18,17,15,77,57,71,45,54,2,2,0,1,2,72,36,43,63,56,9,7,5,7,11,57,128,141,148,146,4,9,4,13,20,3607,29259,12.33%
South Riverdale,70,256,218,230,302,339,38,39,48,77,81,72,112,94,52,85,132,143,135,102,97,0,0,2,1,1,36,35,30,42,44,6,3,2,6,3,156,137,124,80,91,21,22,21,22,27,3564,30135,11.83%
Weston,113,191,204,204,242,243,46,78,60,97,106,8,10,6,6,11,58,24,36,46,61,2,3,0,2,1,25,27,25,32,36,13,5,4,5,4,71,88,70,86,60,4,10,5,9,4,2328,19809,11.75%
Kennedy Park,124,222,183,182,226,317,24,31,33,53,45,3,4,9,8,8,41,32,35,44,41,1,0,2,0,0,29,27,28,30,33,2,1,2,3,7,70,73,65,96,73,6,9,3,5,12,2118,18173,11.65%
Downsview,155,143,128,134,153,208,69,52,61,127,95,8,5,6,6,8,37,45,28,32,74,2,2,0,0,0,20,7,11,25,28,7,3,0,4,3,72,76,55,64,70,7,10,5,15,17,1922,17003,11.30%
North St.James Town,74,228,232,261,221,276,20,27,20,15,10,54,50,27,36,41,70,61,45,37,40,0,0,0,1,0,34,35,16,23,29,2,1,3,4,1,99,76,37,64,56,15,9,3,5,9,2293,20492,11.19%
South Parkdale,85,256,251,274,274,324,22,17,17,33,43,78,50,32,29,30,89,89,63,61,63,1,0,0,1,0,34,19,20,9,23,2,4,4,3,0,55,41,52,59,34,24,13,6,10,21,2530,23054,10.97%
Rosedale-Moore Park,98,129,148,150,215,271,34,52,73,108,143,69,73,52,72,45,101,99,64,68,101,0,0,1,0,1,22,22,28,20,24,0,1,1,1,1,63,51,34,45,46,14,10,8,13,23,2496,23053,10.83%
Oakridge,121,165,158,189,186,215,9,21,20,23,22,10,6,8,7,3,50,36,28,35,29,0,1,0,0,0,33,26,22,11,20,2,8,3,1,3,50,48,66,62,54,6,4,5,7,4,1656,15389,10.76%
Humbermede,22,168,95,134,119,159,70,76,61,107,122,1,4,2,1,2,62,34,30,35,29,0,0,0,0,0,27,14,18,38,14,4,6,4,2,2,42,59,45,46,76,8,12,13,9,11,1761,16568,10.63%
New Toronto,18,108,87,116,163,168,23,21,15,42,38,9,16,9,21,9,25,41,18,24,38,0,0,0,0,0,17,11,14,16,16,2,4,3,0,1,42,40,24,48,36,2,5,5,7,5,1289,12205,10.56%
Regent Park,72,172,144,179,127,160,23,11,9,11,12,45,30,14,15,27,65,28,32,25,40,1,1,1,0,0,17,13,16,11,20,6,7,2,3,2,59,42,22,27,34,6,4,6,5,8,1482,14166,10.46%
Greenwood-Coxwell,65,129,119,113,117,127,29,30,18,24,29,39,56,60,33,16,48,41,38,35,23,0,0,0,1,1,11,23,15,33,7,5,2,2,1,0,100,100,59,39,36,5,4,6,7,3,1584,15400,10.29%
Dufferin Grove,83,91,86,89,86,148,6,18,20,10,18,45,37,28,37,58,44,56,29,27,36,0,1,0,0,0,32,20,4,19,29,0,3,2,2,1,45,47,24,25,39,8,4,3,6,8,1291,12709,10.16%
Wexford/Maryvale,119,242,163,212,209,260,97,88,92,130,203,6,11,10,10,27,86,80,70,75,77,1,1,1,1,0,31,29,28,39,31,3,3,4,5,4,88,132,136,140,118,14,11,15,22,19,3024,29870,10.12%
Glenfield-Jane Heights,25,351,285,315,283,327,88,120,106,161,119,8,15,6,5,5,36,51,41,34,43,2,1,5,3,0,50,50,29,31,31,31,34,19,10,14,74,139,96,81,54,12,19,7,11,27,3229,32251,10.01%
Trinity-Bellwoods,81,114,103,127,137,139,23,15,19,31,28,59,80,39,31,46,110,86,49,69,73,0,1,0,0,0,22,21,19,31,25,0,2,2,1,1,57,30,28,37,40,3,8,8,10,9,1733,17814,9.73%
Newtonbrook West,36,157,175,202,229,200,59,61,91,169,214,16,23,17,13,20,53,31,35,36,52,0,0,0,1,0,18,23,19,30,30,1,5,0,2,1,83,96,80,107,150,11,9,9,13,14,2555,26265,9.73%
Pelmo Park-Humberlea,23,78,55,57,82,104,73,59,67,93,101,1,5,3,5,0,23,20,12,32,23,1,0,2,1,0,8,7,4,8,13,3,4,2,3,3,30,48,48,42,24,7,10,2,9,6,1178,12121,9.72%
Black Creek,24,205,260,207,232,231,72,80,65,70,83,7,2,7,3,5,38,24,27,33,29,0,3,0,1,0,44,23,12,19,28,6,18,13,10,7,65,87,65,42,54,9,16,9,8,13,2232,23047,9.68%
Clairlea-Birchmount,120,295,197,239,256,278,71,54,50,71,122,6,5,12,7,8,65,60,57,77,59,1,1,2,1,0,40,31,9,19,22,3,2,3,4,4,130,111,143,117,92,15,6,15,15,10,2785,28782,9.68%
West Queen West,162,115,102,112,117,108,14,12,13,23,14,88,82,38,28,42,65,63,51,36,43,0,1,0,0,0,11,8,13,6,10,1,0,1,0,0,56,40,52,38,31,6,7,6,6,5,1464,15136,9.67%
East End-Danforth,62,183,144,183,215,218,20,28,39,41,50,31,49,42,45,27,62,61,67,69,44,0,0,2,0,2,27,26,28,23,17,2,2,2,2,1,67,110,83,83,64,9,5,8,12,7,2200,23011,9.56%
Bendale-Glen Andrew,156,204,134,129,166,237,35,46,76,83,144,3,1,4,6,10,30,20,19,24,29,1,1,0,2,0,35,19,49,54,55,3,7,5,7,1,50,44,41,69,76,8,4,7,13,20,1971,20773,9.49%
Rexdale-Kipling,4,58,49,48,58,76,52,40,40,55,74,1,1,2,1,1,14,18,29,21,16,2,0,0,2,0,22,14,10,13,24,5,1,1,1,1,46,42,55,52,47,3,1,2,9,4,1011,10722,9.43%
Roncesvalles,86,112,111,90,98,136,14,15,18,22,28,54,45,24,21,21,95,67,67,53,48,1,0,0,0,0,25,22,12,17,21,5,1,3,0,1,45,51,41,42,39,10,4,8,8,5,1500,15939,9.41%
Junction Area,90,93,103,115,113,136,31,35,25,45,46,22,21,15,10,16,42,51,45,56,68,0,0,0,0,0,15,12,9,23,19,2,0,0,0,1,53,52,36,43,40,9,6,5,13,9,1435,15252,9.41%
Clanton Park,33,91,81,97,117,134,44,43,89,164,154,9,11,12,15,9,44,33,36,39,68,0,0,1,0,0,16,16,13,19,16,2,4,0,1,3,68,77,75,65,72,4,5,7,10,11,1775,19089,9.30%
Beechborough-Greenbrook,112,67,47,57,70,82,13,15,18,21,23,1,0,0,0,3,11,7,7,13,24,0,0,2,0,1,12,4,13,2,12,5,1,5,2,5,7,21,13,24,12,2,2,0,2,7,633,7057,8.97%
Junction-Wallace Emerson,171,182,169,178,139,229,23,44,35,47,34,70,54,36,36,55,103,110,76,56,82,1,0,0,0,0,30,22,11,20,18,2,5,3,3,2,125,139,52,61,57,4,9,8,8,9,2347,26240,8.94%
Dovercourt Village,172,96,75,101,95,104,12,18,8,25,28,26,28,26,20,38,83,47,19,33,46,2,1,0,0,0,14,15,22,10,21,0,0,2,0,1,67,67,18,28,24,3,3,2,4,3,1235,13837,8.93%
Blake-Jones,69,73,58,51,59,81,8,7,5,9,7,18,20,20,6,11,18,27,27,22,34,0,0,0,1,1,10,5,13,11,11,2,2,1,2,4,23,26,13,14,15,4,5,2,1,3,730,8229,8.87%
Thistletown-Beaumond Heights,3,75,56,61,52,66,52,43,44,55,48,0,0,1,0,5,14,11,8,17,23,0,0,0,0,0,10,9,6,16,13,2,1,1,5,0,39,55,40,22,55,4,5,2,2,14,932,10530,8.85%
Bay-Cloverhill,169,164,101,147,120,142,13,9,22,14,17,70,59,58,68,56,82,79,38,43,61,1,0,0,0,0,36,19,23,19,20,0,0,0,1,1,33,35,20,26,40,10,7,10,9,13,1686,19055,8.85%
Scarborough Village,139,174,180,120,156,153,20,23,26,25,46,2,9,5,9,6,40,28,22,20,36,0,1,0,0,0,28,17,15,9,24,6,3,3,1,2,56,90,62,51,71,2,7,6,8,4,1566,17713,8.84%
Long Branch,19,59,70,95,90,96,11,24,41,33,37,11,8,11,30,16,29,34,15,33,27,0,0,1,0,0,30,16,1,7,7,0,0,3,0,0,44,42,39,30,19,1,4,3,5,2,1024,11601,8.83%
Elms-Old Rexdale,5,71,49,69,64,61,28,42,51,59,40,1,2,0,2,6,10,13,10,9,16,0,0,0,1,0,16,7,7,15,14,9,0,7,6,0,25,35,18,31,43,4,2,3,0,4,850,9884,8.60%
Cliffcrest,123,136,110,98,134,183,19,19,31,42,60,4,5,2,3,3,46,36,30,21,24,1,0,1,0,1,29,23,13,14,13,1,1,0,4,4,107,88,73,78,49,3,9,3,5,2,1528,17922,8.53%
Harbourfront-CityPlace,165,185,224,283,266,271,14,21,27,27,34,129,77,93,93,88,82,75,54,58,77,0,2,0,0,1,20,16,23,33,22,2,5,6,3,3,40,50,51,60,90,20,14,9,15,15,2678,31477,8.51%
Dorset Park,126,165,129,141,187,218,61,73,49,69,98,1,3,8,15,15,57,72,38,73,66,2,0,3,0,4,38,25,17,30,30,7,6,6,5,2,78,113,92,80,97,8,5,4,8,24,2222,26286,8.45%
Brookhaven-Amesbury,30,105,94,138,159,166,37,56,49,68,74,4,1,7,4,5,50,33,25,20,39,0,0,3,2,0,23,16,15,12,30,8,1,5,5,0,51,61,47,50,54,12,10,5,8,9,1561,18738,8.33%
Bridle Path-Sunnybrook-York Mills,41,45,47,44,36,48,11,16,39,60,80,6,11,1,3,8,53,30,19,45,96,0,0,0,0,0,13,8,5,3,3,3,3,0,1,0,25,39,12,16,26,3,6,1,6,8,879,10707,8.21%
Yonge-Eglinton,100,90,91,64,123,104,12,17,28,35,40,16,38,14,14,16,41,34,31,33,33,1,0,0,1,0,12,9,4,4,12,1,0,0,1,2,44,42,22,35,18,9,7,2,6,15,1121,13743,8.16%
Woodbine Corridor,64,102,71,78,110,102,8,11,13,19,32,24,32,19,14,9,33,34,31,24,25,0,1,1,1,0,12,6,8,8,7,2,0,0,1,1,68,54,34,25,34,3,4,2,5,3,1071,13282,8.06%
Palmerston-Little Italy,80,95,60,78,85,77,13,16,11,24,14,48,65,28,32,33,51,48,32,36,35,0,0,1,1,2,10,9,9,13,21,0,0,0,0,2,65,51,22,36,30,12,4,0,7,8,1184,14699,8.05%
Corso Italia-Davenport,92,93,85,114,99,147,16,12,23,38,39,10,15,12,7,18,40,41,31,24,41,0,1,0,0,1,32,12,1,11,19,2,4,0,3,3,38,45,23,21,39,5,6,4,3,12,1190,14784,8.05%
North Riverdale,68,73,35,54,76,80,21,14,15,31,27,38,36,17,21,15,43,34,32,29,32,0,0,1,0,1,22,15,5,9,9,1,0,1,0,2,56,37,33,31,19,5,2,1,3,2,978,12168,8.04%
Keelesdale-Eglinton West,110,60,84,75,105,112,33,23,24,29,34,2,5,2,3,2,18,23,27,17,29,1,0,3,0,1,11,11,7,11,26,0,2,2,0,1,29,31,34,35,23,9,4,1,0,3,952,11969,7.95%
Taylor-Massey,61,115,112,116,115,144,11,14,20,15,28,4,17,17,11,16,63,31,16,25,18,1,0,0,1,0,13,27,10,10,28,2,3,2,3,1,47,56,54,58,33,3,8,10,4,3,1285,16157,7.95%
Mount Olive-Silverstone-Jamestown,2,275,207,212,262,297,87,87,77,118,152,5,10,6,8,11,35,18,16,26,24,3,3,0,1,4,59,31,50,54,54,15,18,10,6,16,110,96,83,84,121,8,8,3,18,11,2799,35386,7.91%
Eglinton East,138,197,146,161,174,168,27,33,42,44,49,5,11,2,7,16,58,23,30,39,53,2,2,3,1,1,29,21,16,25,33,6,11,8,6,3,63,92,50,104,98,8,8,1,9,8,1893,24231,7.81%
Briar Hill-Belgravia,108,74,75,65,91,89,19,37,28,54,37,3,13,1,5,5,49,46,39,26,38,0,0,1,1,0,27,8,14,14,22,4,1,0,6,1,35,66,58,42,53,6,8,3,7,8,1179,15146,7.78%
Weston-Pelham Park,91,115,102,92,101,119,13,19,16,29,21,9,6,2,3,7,24,30,23,14,38,1,0,0,0,0,5,4,6,11,6,3,4,4,4,4,24,36,17,17,16,3,3,1,3,4,959,12330,7.78%
Lansing-Westgate,38,70,97,93,66,89,25,46,63,65,113,5,11,12,1,11,39,39,16,37,58,0,0,0,3,0,9,11,12,14,24,2,1,3,2,0,72,85,40,51,56,10,8,5,12,8,1384,17872,7.74%
Birchcliffe-Cliffside,122,209,146,142,159,209,26,20,30,46,71,5,14,11,6,6,57,46,42,31,35,0,0,0,1,0,32,21,14,15,13,2,0,1,0,1,93,88,68,69,54,7,5,4,6,7,1812,23417,7.74%
Little Portugal,84,88,84,107,113,129,11,28,7,26,23,64,74,42,19,17,58,54,40,32,32,0,0,0,0,0,10,9,10,14,15,1,0,1,0,1,41,43,26,30,45,9,6,7,4,10,1330,17399,7.64%
Rockcliffe-Smythe,111,148,126,139,174,180,38,62,47,61,75,5,1,11,7,12,43,37,35,33,53,1,2,1,0,0,9,14,16,19,20,6,5,12,7,8,72,66,42,59,93,9,4,5,12,11,1780,23453,7.59%
Forest Hill South,101,28,26,18,33,43,20,38,75,82,94,8,23,21,7,11,35,33,25,26,75,0,0,0,0,0,18,5,2,0,1,0,0,0,0,1,30,47,27,29,15,4,6,3,10,3,922,12160,7.58%
Fort York-Liberty Village,163,125,93,153,164,167,19,16,14,16,23,120,66,54,32,43,83,46,41,28,33,0,0,0,0,2,8,14,7,10,7,1,1,2,4,1,47,44,38,30,37,12,4,17,15,12,1649,21860,7.54%
Milliken,130,96,85,64,67,89,85,71,80,103,298,3,1,8,1,3,132,60,89,63,77,1,0,1,1,0,35,32,16,34,37,1,1,6,4,3,85,84,67,83,89,22,12,8,12,24,2133,28371,7.52%
North Toronto,173,77,72,104,130,105,4,11,14,10,18,22,50,22,10,22,36,88,49,46,31,1,1,0,0,0,19,3,10,11,14,0,0,1,1,0,18,24,17,23,41,4,6,2,4,7,1128,15077,7.48%
Mount Dennis,115,92,72,98,119,122,23,24,26,39,55,2,1,6,4,3,14,22,15,24,31,3,1,1,0,0,16,19,11,7,9,4,1,2,2,2,29,41,33,38,32,5,3,3,5,7,1066,14256,7.48%
O'Connor-Parkview,54,143,114,115,161,133,28,20,43,40,61,5,6,7,7,8,56,25,38,47,44,0,0,1,0,1,12,19,12,8,3,4,1,2,3,0,50,78,65,42,38,7,10,2,9,6,1474,19901,7.41%
Agincourt South-Malvern West,128,121,127,152,177,191,58,63,39,82,127,3,5,10,6,12,100,81,44,53,67,0,2,1,0,0,28,18,19,33,18,3,1,5,3,6,58,66,86,83,72,15,8,6,10,11,2070,28097,7.37%
Woburn North,142,210,181,178,183,186,40,63,56,107,103,4,0,4,9,13,60,25,28,35,44,0,1,0,2,2,19,26,10,23,22,2,2,7,7,4,99,80,78,104,92,4,13,8,12,9,2155,29500,7.31%
Bedford Park-Nortown,39,59,52,44,42,52,63,81,105,167,229,20,8,3,6,7,90,63,30,64,122,0,0,0,0,0,14,18,10,12,12,2,1,2,0,0,119,111,50,53,71,18,10,4,8,13,1835,25583,7.17%
Rustic,28,64,60,62,73,89,38,22,16,35,34,2,5,0,1,0,14,15,7,10,19,1,0,2,0,0,3,8,6,4,2,7,6,7,1,3,26,35,13,25,14,1,4,0,5,2,741,10404,7.12%
Victoria Village,43,122,114,97,122,146,15,17,40,35,54,1,1,3,5,2,59,34,22,38,26,1,0,0,0,0,13,11,9,10,16,7,7,3,3,4,38,41,64,58,55,4,5,5,3,11,1321,18592,7.11%
Kingsview Village-The Westway,6,97,100,99,132,151,40,60,82,121,112,5,5,3,5,1,27,14,17,15,40,0,0,1,0,0,14,6,9,10,23,3,2,7,1,2,41,66,94,68,101,2,7,8,6,8,1605,22759,7.05%
Willowdale West,37,105,82,82,120,115,24,45,35,44,59,11,13,18,18,6,20,23,16,30,40,0,0,0,0,0,25,25,29,3,38,0,1,0,0,0,56,73,67,47,53,9,9,9,9,11,1370,19546,7.01%
Newtonbrook East,50,85,60,85,81,87,28,39,43,59,75,7,1,8,9,8,53,38,27,38,36,0,0,0,0,1,10,15,9,9,20,0,1,1,4,1,58,46,33,46,43,9,10,8,9,15,1215,17338,7.01%
Golfdale-Cedarbrae-Woburn,141,226,168,185,198,193,21,37,50,75,78,2,3,2,2,8,40,40,27,29,24,0,1,2,1,1,47,28,21,16,32,11,12,13,7,3,62,64,61,105,76,4,4,5,7,9,2000,28651,6.98%
Oakwood Village,107,164,126,103,164,112,40,24,30,64,58,12,13,11,12,10,49,32,36,38,36,2,2,0,0,0,45,25,14,25,13,13,7,3,5,2,50,49,58,47,45,2,3,8,5,3,1560,22404,6.96%
Kingsway South,15,29,11,30,21,65,29,17,36,68,88,7,12,6,6,9,25,21,9,13,55,0,0,0,0,0,13,4,14,8,8,0,0,0,0,0,23,14,17,20,13,4,3,3,4,6,711,10257,6.93%
Wychwood,94,69,84,60,85,89,9,26,13,33,26,23,21,13,16,13,49,45,33,28,41,1,1,0,0,0,12,19,5,6,25,1,2,1,1,6,39,34,13,25,22,1,1,2,9,1,1003,14609,6.87%
Stonegate-Queensway,16,91,109,82,104,137,36,49,70,141,148,11,13,5,10,7,64,35,30,44,101,0,0,1,0,2,24,20,19,7,18,2,0,0,0,1,73,98,59,107,69,4,5,7,9,11,1823,26728,6.82%
Casa Loma,96,55,65,46,59,56,5,20,21,30,42,19,24,18,6,9,34,36,35,18,47,0,0,0,0,0,8,3,1,10,15,0,0,1,1,0,31,29,8,21,10,2,7,4,3,6,805,11972,6.72%
Forest Hill North,102,40,40,40,45,63,27,42,35,38,53,20,24,5,2,3,38,45,12,14,46,0,0,0,0,0,19,16,2,7,9,1,0,1,0,0,32,57,38,10,35,3,7,2,6,3,880,13172,6.68%
St.Andrew-Windfields,40,63,48,50,58,58,40,31,64,85,136,4,16,14,8,11,84,50,33,52,90,0,0,0,0,1,11,9,2,8,15,2,1,0,0,0,50,60,62,52,34,7,4,7,12,12,1344,20205,6.65%
Morningside,135,177,106,83,125,131,8,32,32,52,50,1,0,0,1,2,17,18,16,11,8,1,1,0,1,0,18,8,5,17,3,3,8,3,7,4,34,27,21,110,49,4,2,1,3,3,1203,18463,6.52%
Bathurst Manor,34,57,60,55,58,88,25,46,44,79,76,6,12,5,7,5,22,27,18,24,42,0,0,0,0,1,15,7,9,17,16,0,1,1,1,0,32,57,35,94,56,5,7,1,6,4,1121,17255,6.50%
Runnymede-Bloor West Village,89,43,32,25,42,58,29,17,20,30,42,8,8,7,5,15,27,29,12,22,31,0,0,0,1,0,20,7,5,13,18,0,0,0,0,1,35,15,24,19,19,2,3,8,0,6,698,10772,6.48%
East Willowdale,152,52,40,53,58,48,30,23,45,44,86,4,16,12,8,10,54,36,26,40,73,0,0,0,0,0,23,18,9,12,17,2,2,1,2,1,45,48,53,65,75,9,4,5,13,14,1176,18285,6.43%
Leaside-Bennington,56,31,29,50,33,38,31,43,86,79,112,26,48,28,10,12,45,40,39,41,49,0,0,0,0,0,2,8,3,4,5,0,0,1,1,0,46,43,40,62,54,7,6,3,3,9,1167,18185,6.42%
Lawrence Park South,103,24,27,35,33,33,27,30,62,96,120,11,32,17,9,6,57,58,26,35,58,0,0,0,0,0,15,12,7,8,7,0,0,0,1,0,54,50,27,39,22,8,12,2,5,6,1071,16778,6.38%
The Beaches,63,84,87,91,121,113,21,24,30,54,58,37,47,21,21,25,58,64,39,43,39,0,0,0,0,1,16,7,17,20,16,2,0,0,0,0,54,61,48,51,49,9,10,8,8,16,1470,23097,6.36%
Humber Bay Shores,161,94,82,102,121,152,22,17,25,52,78,74,39,23,23,16,34,19,29,27,37,1,0,0,2,0,10,8,6,8,9,2,1,1,3,1,19,28,20,66,30,5,11,6,12,10,1325,20822,6.36%
Old East York,58,45,28,35,67,63,4,8,19,22,32,0,8,4,7,6,13,15,6,22,7,0,0,0,0,0,9,5,7,7,6,0,1,0,2,2,36,28,21,26,27,3,4,5,1,1,602,9540,6.31%
Bendale South,157,67,79,62,41,82,20,8,15,21,24,1,0,3,3,2,21,11,4,8,15,0,0,0,0,0,6,3,9,5,20,0,3,2,1,1,37,24,26,28,25,1,1,0,1,2,682,10881,6.27%
Broadview North,57,69,62,55,60,81,3,7,11,15,17,13,35,10,24,11,25,25,18,17,22,0,0,1,1,0,5,3,10,2,3,0,0,1,2,0,26,32,22,33,28,1,6,1,3,3,763,12200,6.25%
Islington,158,77,75,56,96,137,57,50,58,94,170,7,13,8,4,8,51,43,44,53,58,0,0,0,0,0,15,16,10,26,12,2,1,1,0,0,73,71,38,74,47,9,8,6,8,13,1589,25937,6.13%
Alderwood,20,36,37,27,43,44,15,28,31,68,48,5,8,0,12,2,26,43,17,42,20,0,0,0,3,0,5,12,2,7,8,1,0,0,1,0,54,47,47,31,16,7,5,4,8,8,818,13503,6.06%
Ionview,125,80,85,92,83,126,8,6,10,10,34,4,4,1,3,5,19,15,18,12,15,0,0,0,0,0,12,2,4,4,4,1,1,0,2,2,30,33,40,43,32,2,0,3,2,2,849,14121,6.01%
Yonge-Doris,151,81,64,77,83,104,29,22,39,44,47,12,26,14,28,17,22,27,19,17,16,0,0,0,0,1,19,12,29,7,14,0,0,0,0,0,75,88,81,73,143,15,10,9,14,18,1396,23234,6.01%
South Eglinton-Davisville,174,70,82,121,128,101,8,15,15,10,21,42,94,34,18,37,83,70,44,26,43,1,1,1,0,0,5,16,11,16,3,1,1,0,1,0,24,43,22,43,40,3,5,6,3,8,1316,21987,5.99%
Danforth East York,59,88,59,61,70,102,9,16,16,51,51,12,21,22,13,4,24,33,23,26,12,0,1,0,0,0,11,9,6,5,4,1,0,1,0,0,83,59,58,50,45,8,5,4,3,4,1070,17883,5.98%
Don Valley Village,47,149,99,120,117,166,21,36,34,69,161,4,6,17,4,7,34,30,31,31,45,0,2,0,0,2,34,23,18,29,30,3,0,2,2,5,69,55,63,82,104,14,6,11,11,14,1760,29424,5.98%
Humewood-Cedarvale,106,45,42,49,42,54,16,26,34,56,53,13,29,16,23,14,28,49,19,32,38,0,0,0,0,0,11,6,3,5,1,0,0,0,1,0,48,62,39,38,26,3,6,2,2,3,934,15620,5.98%
Henry Farm,53,86,87,99,96,107,23,21,33,31,67,6,12,19,7,8,39,33,24,36,25,0,0,0,0,1,7,6,8,12,13,4,3,0,2,0,84,40,100,83,89,13,6,6,10,10,1356,22782,5.95%
High Park North,88,91,89,95,129,187,25,18,22,36,41,50,58,29,33,28,68,32,38,32,54,0,0,0,1,1,11,17,10,14,24,0,0,0,0,0,45,46,27,53,26,5,4,5,6,4,1454,24474,5.94%
Princess-Rosethorn,10,26,23,25,27,25,28,20,23,61,115,5,2,5,1,2,33,12,12,13,63,0,0,0,0,0,15,9,2,2,12,0,1,1,1,2,33,37,34,28,19,4,4,2,2,5,734,12552,5.85%
Willowridge-Martingrove-Richview,7,96,95,57,98,123,43,70,60,106,105,2,1,6,5,3,42,21,21,27,31,1,0,2,0,0,38,16,6,15,17,5,7,3,4,4,37,43,53,66,61,3,4,3,5,3,1408,24097,5.84%
Caledonia-Fairbank,109,75,51,65,61,63,9,10,9,25,33,0,4,3,2,9,9,10,10,6,14,0,0,0,0,1,16,7,3,4,4,0,2,2,0,2,22,19,20,24,10,2,2,5,2,2,617,10581,5.83%
Bayview Village,52,70,70,71,120,137,38,29,42,61,96,9,46,11,7,17,37,30,29,30,66,0,1,0,0,0,15,18,4,10,9,1,1,3,5,2,52,59,45,68,115,12,12,9,6,18,1481,25685,5.77%
Etobicoke West Mall,13,52,63,48,52,66,12,10,17,31,62,3,2,4,4,3,8,14,12,21,12,2,1,0,0,0,10,9,2,5,1,4,6,0,1,2,19,29,18,53,49,6,7,3,5,5,733,12713,5.77%
Woodbine-Lumsden,60,35,31,33,41,32,8,4,9,22,16,8,7,3,1,5,10,12,11,6,12,1,0,0,0,1,3,6,2,5,0,0,0,0,0,0,35,38,32,15,13,5,1,0,1,4,468,8141,5.75%
Thorncliffe Park,55,121,98,118,114,128,15,20,16,33,55,8,15,17,16,10,28,41,35,53,49,0,2,0,0,0,13,5,14,19,12,8,9,3,3,4,27,26,34,61,33,5,4,0,10,8,1290,22508,5.73%
Englemount-Lawrence,32,112,102,88,86,125,24,31,36,60,68,10,33,13,7,9,32,34,23,15,49,0,1,1,0,0,15,23,7,5,17,12,10,4,3,4,63,69,62,51,54,7,8,9,3,7,1392,24465,5.69%
Tam O'Shanter-Sullivan,118,114,135,119,118,136,25,39,58,80,100,6,13,7,9,16,67,54,15,35,43,2,1,0,1,0,29,18,13,32,21,3,2,5,1,3,60,57,58,100,70,3,3,5,5,5,1686,29770,5.66%
Mount Pleasant East,99,58,42,47,54,77,17,19,38,63,57,19,36,23,12,13,50,37,33,28,20,0,0,0,0,0,13,15,9,4,8,1,0,0,1,0,55,53,26,44,23,3,4,3,6,5,1016,18084,5.62%
Lawrence Park North,105,37,43,38,32,32,18,23,46,81,81,23,17,19,11,6,23,19,20,29,33,0,0,0,0,0,5,12,8,6,6,0,0,0,0,0,56,46,27,28,33,4,1,1,3,7,874,15581,5.61%
Morningside Heights,144,113,82,86,101,119,57,43,76,128,153,1,0,4,2,1,36,19,25,24,33,0,0,2,0,0,12,18,12,27,23,3,4,3,2,8,47,76,56,55,70,9,7,7,14,16,1574,28167,5.59%
Malvern East,146,217,167,142,129,145,40,42,43,45,64,2,3,7,1,6,15,14,20,16,33,0,1,1,1,0,23,17,22,18,20,5,10,4,5,3,36,61,26,72,53,3,4,2,8,0,1546,28098,5.50%
Malvern West,145,119,72,89,85,93,38,24,22,55,55,5,4,1,3,2,29,11,14,8,16,1,0,2,0,0,25,7,20,13,14,8,5,6,2,3,45,31,24,32,47,6,2,2,3,2,1045,19412,5.38%
High Park-Swansea,87,103,78,87,101,106,29,42,26,76,54,35,20,31,16,19,54,50,28,50,52,1,0,0,1,1,26,10,12,13,9,3,2,2,3,3,58,50,33,42,40,13,8,4,5,10,1406,26135,5.38%
Parkwoods-O'Connor Hills,149,56,37,51,62,96,8,23,20,37,55,2,2,3,0,2,34,24,17,18,35,0,1,0,0,0,10,4,15,7,6,0,2,2,2,2,29,36,29,28,27,3,1,1,1,7,795,14788,5.38%
Markland Wood,12,14,42,25,35,45,9,29,22,31,50,9,1,1,1,1,25,12,9,12,15,0,0,0,0,0,13,17,8,11,4,1,0,0,0,0,18,16,23,40,23,3,7,0,3,1,576,10741,5.36%
Eringate-Centennial-West Deane,11,44,42,38,57,90,41,51,66,89,120,3,4,0,0,2,20,12,14,18,31,1,0,0,0,0,11,19,4,12,13,2,4,1,1,0,36,37,34,60,45,4,3,2,3,3,1037,19558,5.30%
Westminster-Branson,35,105,93,89,88,119,34,49,61,84,85,11,14,17,4,5,38,15,25,31,29,0,0,0,0,0,8,17,8,14,4,1,1,2,0,0,52,70,59,137,69,1,6,7,11,7,1470,27742,5.30%
Highland Creek,134,63,33,42,60,64,27,15,30,44,60,3,0,0,3,3,33,14,5,14,14,1,0,1,0,0,14,2,2,2,3,0,0,0,0,3,44,46,24,35,22,1,2,1,2,2,734,13871,5.29%
Maple Leaf,29,28,28,32,51,50,25,18,13,47,49,0,2,1,0,0,15,10,10,21,17,0,0,0,0,0,4,2,1,5,5,1,1,2,1,1,18,31,19,19,17,3,2,3,3,1,556,10575,5.26%
Hillcrest Village,48,68,50,44,41,68,27,23,40,16,73,9,0,4,0,2,35,18,20,31,40,1,0,1,0,0,17,14,9,32,13,2,0,1,1,1,46,30,56,44,42,6,8,4,5,8,950,18076,5.26%
Flemingdon Park,44,153,132,148,142,167,9,18,17,22,39,7,4,5,4,6,16,12,10,22,24,0,0,1,0,0,13,5,4,13,13,9,14,8,1,4,17,29,35,27,49,3,3,2,1,5,1213,23485,5.16%
Fenside-Parkwoods,150,104,112,84,103,130,21,21,33,37,40,4,2,5,3,7,34,24,20,11,20,1,0,1,0,1,24,5,8,9,14,1,3,2,3,1,74,49,45,59,38,2,1,4,2,7,1169,22909,5.10%
Edenbridge-Humber Valley,9,35,33,35,31,53,23,37,30,76,115,1,4,6,2,2,53,23,16,30,63,0,0,0,0,0,3,9,0,6,7,3,1,2,2,1,33,27,24,39,28,10,1,2,9,5,880,17271,5.10%
Lambton Baby Point,114,26,31,34,54,31,10,11,11,24,20,10,10,6,6,1,15,13,6,11,15,0,0,0,0,0,4,1,0,1,5,3,0,0,1,1,17,16,7,6,8,1,2,1,1,2,422,8294,5.09%
Banbury-Don Mills,42,75,80,87,108,132,43,50,34,57,150,2,6,12,8,14,81,41,23,47,99,0,0,0,0,1,13,7,3,20,24,2,1,2,3,4,58,49,41,52,65,16,7,8,12,14,1551,31047,5.00%
Guildwood,140,30,37,36,37,56,3,11,13,9,23,2,4,0,2,2,10,3,7,6,9,1,0,2,0,0,7,3,4,6,1,0,1,0,1,0,28,34,33,52,29,1,1,0,2,4,510,10332,4.94%
West Rouge,143,75,66,66,62,70,32,20,38,67,99,8,7,3,4,4,23,19,22,22,26,0,1,1,0,1,23,26,7,14,22,3,2,6,3,3,40,53,31,57,47,4,3,4,4,4,1092,22396,4.88%
Avondale,153,46,43,56,37,50,15,33,34,19,25,13,37,20,29,9,13,13,17,8,19,0,1,0,1,0,5,9,8,4,6,0,1,0,0,1,22,36,27,40,64,4,3,5,9,5,787,16149,4.87%
Humber Heights-Westmount,8,36,23,31,32,53,19,23,20,29,25,1,1,3,4,1,23,9,16,10,13,0,0,2,1,0,5,2,1,9,6,7,0,5,1,4,13,36,33,18,20,5,1,5,1,2,549,11398,4.82%
Yonge-St.Clair,97,35,23,50,45,35,6,9,13,32,38,24,25,12,19,14,28,27,30,26,36,0,0,0,0,0,2,4,5,7,2,0,0,0,0,0,22,20,23,21,19,6,3,3,1,2,667,13953,4.78%
L'Amoreaux West,147,107,82,101,95,118,26,20,18,29,63,6,5,7,3,8,46,25,17,17,27,0,3,0,1,1,20,16,8,10,19,6,8,3,4,1,32,39,37,49,47,0,3,3,5,1,1136,24374,4.66%
Pleasant View,46,44,40,26,32,52,24,28,14,27,45,3,6,8,2,11,12,19,17,15,17,0,0,0,0,0,14,10,8,9,14,0,0,0,0,0,46,47,73,52,36,4,6,6,4,5,776,16732,4.64%
Centennial Scarborough,133,49,47,37,39,39,22,10,22,26,46,3,3,0,0,0,29,8,5,21,17,0,0,0,0,0,1,3,6,0,7,0,1,0,0,0,33,40,36,59,29,3,1,2,4,2,650,14609,4.45%
Bayview Woods-Steeles,49,47,33,27,40,60,21,16,27,14,34,2,3,1,0,3,21,33,10,10,27,1,0,0,0,0,6,2,2,2,7,3,1,0,0,0,22,33,27,19,33,2,2,2,4,1,598,13641,4.38%
East L'Amoreaux,148,92,104,79,77,83,13,14,19,45,53,2,1,2,3,7,40,23,14,24,26,0,0,0,0,0,45,11,7,7,10,3,3,2,2,4,26,34,17,35,40,2,2,4,11,6,992,23988,4.14%
Agincourt North,129,81,74,62,78,82,42,63,52,49,119,1,1,2,0,4,56,17,18,24,44,0,0,0,0,0,37,17,7,11,15,2,2,0,1,1,69,60,32,45,30,3,5,2,3,5,1216,31260,3.89%
Steeles,116,47,39,51,45,49,31,29,45,41,63,0,0,0,1,3,66,25,17,33,27,0,0,0,0,0,8,6,7,7,7,0,2,1,0,1,40,21,28,41,23,5,1,2,4,1,817,26395,3.10%
